inst_40570,app_3283,machine_4726
inst_88937,app_2291,machine_3568
inst_82192,app_6336,machine_4235
inst_72641,app_1153,machine_3177
inst_5985,app_2767,
inst_23469,app_3213,machine_4759
inst_53189,app_4698,
inst_82019,app_8816,machine_4279
inst_80594,app_4039,
inst_4432,app_9072,machine_3628
inst_90805,app_5070,machine_3172
inst_88949,app_4969,machine_3689
inst_22801,app_2485,machine_520
inst_37410,app_6421,machine_4187
inst_12894,app_3108,machine_5154
inst_11052,app_4373,
inst_76261,app_4379,
inst_14545,app_245,machine_4254
inst_24477,app_7831,
inst_42260,app_4825,machine_2108
inst_7115,app_7889,machine_4140
inst_22722,app_3955,machine_4572
inst_19991,app_2090,machine_5893
inst_94521,app_3123,machine_5783
inst_910,app_3771,machine_3733
inst_45512,app_5740,machine_5689
inst_86081,app_8061,machine_3550
inst_73768,app_3191,machine_1845
inst_40539,app_1522,machine_4157
inst_32805,app_4039,machine_5192
inst_55313,app_127,machine_4525
inst_33205,app_3994,
inst_84875,app_4996,machine_3789
inst_18099,app_7825,machine_5940
inst_31440,app_4825,machine_674
inst_47176,app_1416,machine_4061
inst_14173,app_8503,machine_3241
inst_18548,app_1235,
inst_43633,app_1213,machine_5514
inst_85075,app_2099,machine_1364
inst_46832,app_6269,machine_3883
inst_61309,app_3765,
inst_86407,app_4996,machine_4927
inst_76484,app_5665,machine_5966
inst_1284,app_7963,machine_3675
inst_726,app_1423,machine_3594
inst_26133,app_4304,machine_5423
inst_69168,app_6568,machine_5932
inst_80205,app_8208,
inst_47612,app_1515,machine_4224
inst_24471,app_635,machine_5313
inst_70915,app_5856,machine_5320
inst_72623,app_238,
inst_65586,app_1786,machine_3455
inst_45307,app_3048,machine_4317
inst_22688,app_8866,machine_5520
inst_55369,app_5558,machine_3534
inst_12564,app_4825,machine_3738
inst_13503,app_1173,machine_5636
inst_3316,app_1391,machine_5901
inst_11157,app_441,machine_3854
inst_29475,app_1625,machine_5686
inst_87691,app_5386,
inst_23230,app_975,machine_4818
inst_5539,app_8554,machine_3128
inst_33323,app_9072,machine_5631
inst_76970,app_7733,machine_4308
inst_62195,app_2964,machine_2634
inst_89415,app_7822,
inst_31092,app_4993,machine_4162
inst_58078,app_6269,machine_5649
inst_21004,app_1778,machine_18
inst_80268,app_4210,machine_5211
inst_89601,app_3327,machine_5247
inst_67769,app_3890,machine_5575
inst_48116,app_8631,machine_2656
inst_88778,app_2486,machine_613
inst_54569,app_7733,machine_5638
inst_93027,app_8297,machine_5020
inst_88250,app_3604,machine_5204
inst_98721,app_6047,
inst_44990,app_7055,machine_5921
inst_68100,app_7889,machine_3644
inst_71577,app_8967,machine_1705
inst_70006,app_3199,machine_5439
inst_67275,app_1703,machine_3733
inst_3624,app_188,machine_5692
inst_9192,app_2616,machine_4920
inst_61936,app_5472,machine_5602
inst_58571,app_7733,machine_3900
inst_3551,app_7443,machine_1508
inst_91067,app_5347,machine_5897
inst_53365,app_3077,machine_5319
inst_2623,app_4499,
inst_26593,app_585,machine_3609
inst_57064,app_6856,machine_4540
inst_76249,app_1328,machine_5502
inst_69433,app_7733,machine_4532
inst_13245,app_2263,machine_5522
inst_74419,app_4379,machine_4347
inst_66835,app_6683,machine_5801
inst_2054,app_3039,
inst_48507,app_3731,machine_4259
inst_72339,app_798,machine_352
inst_63549,app_3952,machine_5112
inst_45092,app_8818,machine_4963
inst_53921,app_2486,
inst_34813,app_2487,machine_579
inst_69930,app_4698,machine_3653
inst_71207,app_7217,machine_1204
inst_29437,app_4825,machine_5185
inst_73628,app_4210,
inst_7397,app_413,machine_3133
inst_21938,app_5869,
inst_74509,app_5366,machine_3892
inst_96702,app_6688,machine_3916
inst_46477,app_8669,
inst_24935,app_4354,machine_5578
inst_69758,app_2690,machine_5316
inst_70460,app_3886,machine_4056
inst_5488,app_1328,machine_926
inst_73106,app_575,machine_254
inst_74490,app_9165,machine_1788
inst_21150,app_8818,machine_4266
inst_3162,app_3487,machine_4835
inst_62601,app_370,machine_5458
inst_75929,app_2134,machine_3491
inst_61317,app_3864,machine_5003
inst_21704,app_1637,machine_3429
inst_35362,app_7521,machine_4854
inst_82146,app_3802,machine_5730
inst_7267,app_4085,machine_5610
inst_9024,app_4698,machine_4161
inst_86168,app_2186,machine_5229
inst_89159,app_7551,
inst_63822,app_8343,machine_3082
inst_18017,app_8842,machine_4692
inst_15506,app_3283,
inst_48040,app_4819,machine_4847
inst_47567,app_4551,machine_4810
inst_36413,app_7087,machine_3323
inst_37090,app_1123,machine_5141
inst_36354,app_7786,machine_3720
inst_14747,app_5820,machine_3194
inst_62495,app_8618,machine_4125
inst_30282,app_3490,machine_199
inst_42653,app_7946,machine_4133
inst_21900,app_5722,machine_3940
inst_97696,app_1238,machine_5301
inst_71406,app_2486,machine_5878
inst_78628,app_6421,machine_4277
inst_17746,app_1243,machine_4268
inst_45749,app_3731,machine_3831
inst_67366,app_5490,machine_4672
inst_13928,app_7196,machine_5508
inst_6116,app_1248,machine_1270
inst_60903,app_1391,machine_3215
inst_31722,app_5418,machine_3956
inst_90712,app_7004,machine_4419
inst_75583,app_6510,machine_4597
inst_12294,app_8375,machine_3250
inst_20653,app_5800,machine_127
inst_4346,app_5820,machine_5299
inst_47677,app_4289,machine_4917
inst_60684,app_3321,machine_1995
inst_92669,app_9052,machine_3570
inst_3628,app_4221,machine_2353
inst_65254,app_5511,machine_3943
inst_93868,app_8931,
inst_99803,app_3344,machine_4748
inst_94447,app_8898,machine_630
inst_14126,app_1238,machine_1742
inst_75628,app_7007,machine_4938
inst_77726,app_4327,machine_5276
inst_22511,app_5022,machine_2847
inst_97925,app_7874,machine_3746
inst_61645,app_4453,machine_3073
inst_6637,app_4221,machine_4473
inst_25711,app_5004,machine_3814
inst_24419,app_5022,machine_1395
inst_72946,app_2486,machine_4701
inst_87563,app_4531,machine_1499
inst_49517,app_4998,
inst_80630,app_7576,machine_5155
inst_64086,app_4825,machine_721
inst_21225,app_6276,machine_4291
inst_45994,app_3286,
inst_14914,app_8643,machine_4082
inst_71609,app_8144,machine_3617
inst_37147,app_4929,machine_4973
inst_83628,app_1979,machine_3073
inst_82169,app_6750,
inst_33961,app_4169,
inst_21572,app_2440,machine_4195
inst_8204,app_580,machine_5691
inst_49024,app_7071,machine_3441
inst_42753,app_3595,machine_5632
inst_22229,app_290,machine_3446
inst_8943,app_5022,machine_5575
inst_19232,app_2506,machine_2217
inst_5229,app_8892,
inst_3883,app_1153,machine_2760
inst_96073,app_250,machine_244
inst_87676,app_1916,machine_5117
inst_88581,app_4568,machine_3170
inst_27169,app_4068,machine_5359
inst_46614,app_816,machine_3546
inst_56786,app_2486,machine_4567
inst_66520,app_2,machine_2025
inst_38638,app_7001,machine_4019
inst_95581,app_1057,machine_3059
inst_14251,app_4161,machine_4863
inst_92598,app_98,machine_5589
inst_52533,app_1723,machine_3062
inst_99037,app_473,machine_4187
inst_9352,app_720,machine_5395
inst_83754,app_8842,machine_3435
inst_34539,app_122,machine_5974
inst_70391,app_8554,machine_3747
inst_51509,app_1639,machine_3245
inst_44779,app_7443,machine_3401
inst_77471,app_290,machine_4474
inst_5729,app_1821,machine_3664
inst_69455,app_3952,machine_4522
inst_82756,app_5386,machine_4961
inst_77565,app_9163,machine_4001
inst_32170,app_1310,machine_12
inst_25913,app_3487,machine_4665
inst_83862,app_357,machine_4766
inst_30438,app_5875,machine_103
inst_33006,app_5449,machine_3942
inst_81391,app_1160,
inst_15337,app_7146,machine_2096
inst_64559,app_9273,machine_3942
inst_14332,app_7001,machine_1453
inst_27022,app_2692,machine_4650
inst_50194,app_1091,machine_2010
inst_76980,app_3637,machine_3127
inst_36935,app_92,machine_3992
inst_52517,app_2835,machine_5461
inst_71434,app_27,machine_3814
inst_24043,app_5920,machine_2522
inst_72985,app_1222,machine_5
inst_97571,app_5388,machine_4817
inst_84534,app_2353,machine_5892
inst_91267,app_5322,machine_3853
inst_64774,app_3344,machine_5901
inst_70864,app_2487,machine_3666
inst_6016,app_7936,machine_4638
inst_36527,app_5996,machine_989
inst_97278,app_21,
inst_47643,app_1599,machine_3445
inst_91504,app_8412,machine_4736
inst_90501,app_3593,machine_5014
inst_69251,app_3894,machine_5105
inst_92782,app_1884,machine_5839
inst_65971,app_4698,machine_5587
inst_51052,app_2497,
inst_67903,app_5411,machine_5804
inst_70211,app_1287,machine_1876
inst_34246,app_3001,machine_5855
inst_96058,app_1703,machine_5757
inst_59262,app_9017,
inst_18736,app_3101,machine_353
inst_58277,app_2485,machine_3167
inst_80152,app_2225,machine_3128
inst_38816,app_702,machine_2890
inst_55871,app_3780,machine_5001
inst_98985,app_2874,
inst_44905,app_1062,machine_3170
inst_18784,app_674,machine_3746
inst_96936,app_3451,machine_4178
inst_77016,app_5418,machine_5834
inst_95458,app_4530,machine_5045
inst_91102,app_3672,machine_4864
inst_50779,app_1863,machine_5293
inst_81413,app_2263,machine_3327
inst_14454,app_3636,machine_4474
inst_43021,app_3372,machine_5409
inst_30624,app_1576,machine_2246
inst_83075,app_6381,machine_5308
inst_33143,app_8144,machine_3721
inst_4027,app_473,machine_4661
inst_72963,app_6117,machine_4525
inst_37611,app_5366,machine_5318
inst_2347,app_4322,machine_3622
inst_40843,app_1522,machine_3110
inst_43496,app_7800,machine_5372
inst_68780,app_894,machine_212
inst_64227,app_3636,machine_3542
inst_1712,app_6710,machine_3057
inst_57203,app_7027,machine_2832
inst_51302,app_1310,machine_5845
inst_18192,app_6250,machine_5015
inst_2174,app_7511,machine_805
inst_95663,app_6725,machine_3419
inst_20962,app_8340,machine_1372
inst_68818,app_9220,machine_1991
inst_68329,app_4694,machine_5025
inst_91061,app_4786,machine_3679
inst_18355,app_952,machine_3537
inst_65923,app_1153,machine_5417
inst_6332,app_5362,machine_5478
inst_65380,app_8028,machine_2521
inst_67145,app_6555,machine_5224
inst_22754,app_1786,machine_791
inst_32478,app_7117,machine_5933
inst_24271,app_6140,machine_1155
inst_33891,app_3487,machine_4629
inst_399,app_2618,machine_5716
inst_12022,app_7067,machine_3895
inst_54611,app_2484,machine_955
inst_7089,app_3283,machine_4356
inst_66329,app_5835,machine_5230
inst_16379,app_1916,machine_5631
inst_74256,app_3355,machine_3147
inst_478,app_2683,machine_4814
inst_21040,app_7016,machine_5026
inst_74652,app_3321,machine_4736
inst_57878,app_8822,machine_5110
inst_86933,app_7303,machine_2238
inst_54454,app_7143,machine_1753
inst_79903,app_5707,machine_5502
inst_31125,app_2486,machine_3581
inst_16528,app_3349,machine_4093
inst_18107,app_753,machine_4641
inst_30072,app_6531,machine_3828
inst_21083,app_5023,machine_4110
inst_69126,app_7960,machine_3294
inst_70938,app_143,machine_765
inst_61046,app_4522,machine_2851
inst_12485,app_8148,
inst_66355,app_4161,machine_3849
inst_61847,app_6381,machine_2757
inst_35757,app_6336,machine_5414
inst_79445,app_3539,machine_5365
inst_95249,app_9084,machine_3363
inst_19815,app_1873,machine_789
inst_59496,app_3210,machine_5350
inst_3195,app_1956,machine_3539
inst_96509,app_147,machine_2414
inst_81013,app_6393,machine_1795
inst_75396,app_7394,machine_1098
inst_28554,app_8144,machine_3577
inst_5724,app_5264,machine_3868
inst_13467,app_2701,machine_19
inst_1975,app_3183,
inst_13814,app_6736,
inst_33050,app_2000,machine_2080
inst_69745,app_2435,machine_5059
inst_301,app_4543,machine_5800
inst_587,app_1834,machine_1805
inst_49790,app_9052,machine_3941
inst_20149,app_6300,machine_5577
inst_45194,app_4039,machine_3480
inst_94849,app_9138,
inst_53070,app_7425,machine_4324
inst_86378,app_1952,machine_3656
inst_33592,app_5317,machine_4851
inst_4959,app_1543,machine_5613
inst_8142,app_7589,machine_4420
inst_43282,app_1222,machine_5033
inst_78292,app_2708,machine_5916
inst_39156,app_2829,machine_3483
inst_37166,app_8979,machine_3
inst_59495,app_3183,machine_4153
inst_74678,app_3183,machine_4972
inst_34091,app_8553,machine_4124
inst_9955,app_9268,machine_1830
inst_14206,app_3864,machine_5008
inst_55831,app_2488,machine_1216
inst_83308,app_3019,machine_275
inst_51582,app_5551,machine_5453
inst_58661,app_3634,machine_1742
inst_96675,app_3327,machine_5178
inst_70317,app_4039,machine_2956
inst_94623,app_1356,machine_230
inst_98992,app_850,machine_3455
inst_50,app_4386,
inst_69292,app_7058,machine_4554
inst_16364,app_2964,machine_3596
inst_96694,app_5060,machine_3674
inst_42213,app_6321,machine_5374
inst_858,app_2874,machine_3804
inst_1762,app_1507,machine_5377
inst_95357,app_6907,machine_5745
inst_89725,app_4042,machine_3959
inst_96016,app_4025,machine_3946
inst_35499,app_1459,machine_5372
inst_34444,app_3987,machine_3312
inst_99554,app_7503,machine_4857
inst_89927,app_7443,machine_3969
inst_33551,app_6455,machine_3627
inst_98682,app_7809,machine_3292
inst_79095,app_3397,machine_5733
inst_36320,app_6288,machine_5747
inst_33108,app_8156,machine_3722
inst_42531,app_6783,machine_5188
inst_5698,app_4454,machine_2158
inst_11406,app_7394,machine_3212
inst_4521,app_4667,machine_5208
inst_29759,app_6683,machine_5488
inst_7666,app_7488,machine_5180
inst_97251,app_6911,machine_5900
inst_8136,app_4161,machine_3335
inst_48401,app_1573,machine_5609
inst_73506,app_5900,machine_4951
inst_28623,app_1153,machine_52
inst_17130,app_5283,machine_4464
inst_93217,app_9014,machine_3113
inst_11077,app_4690,machine_4884
inst_39075,app_6659,machine_4715
inst_34852,app_6763,machine_770
inst_94979,app_2963,
inst_99703,app_936,
inst_65891,app_2231,machine_5835
inst_5098,app_6524,machine_5587
inst_9570,app_7486,machine_4629
inst_28252,app_351,machine_2792
inst_57132,app_7733,machine_2345
inst_72516,app_5876,machine_4217
inst_35328,app_5546,machine_2158
inst_46620,app_2942,machine_5723
inst_37959,app_7866,machine_4258
inst_321,app_6576,machine_4832
inst_43654,app_9090,machine_4470
inst_215,app_1391,machine_3471
inst_47325,app_424,machine_2150
inst_38010,app_1522,machine_3348
inst_41052,app_7932,machine_588
inst_19252,app_92,machine_5372
inst_2643,app_7312,machine_5537
inst_30922,app_6593,machine_908
inst_54765,app_4588,machine_4261
inst_39031,app_2482,machine_4258
inst_84120,app_7928,machine_4034
inst_83454,app_4984,machine_5104
inst_9179,app_1705,machine_4126
inst_91698,app_1837,machine_5163
inst_39234,app_9327,machine_4401
inst_49717,app_5876,machine_4448
inst_78258,app_608,machine_4775
inst_89913,app_1637,
inst_56907,app_4706,machine_4053
inst_70219,app_7733,machine_4069
inst_61006,app_8622,machine_3592
inst_7719,app_619,machine_4395
inst_15648,app_2767,machine_1831
inst_59579,app_3327,machine_3653
inst_61891,app_9066,machine_4015
inst_28154,app_5022,machine_3646
inst_39273,app_8735,machine_3220
inst_78079,app_1777,machine_3883
inst_83588,app_4529,machine_5800
inst_63855,app_554,machine_234
inst_24378,app_8713,machine_4440
inst_46509,app_7181,machine_420
inst_24979,app_1416,machine_3471
inst_81674,app_8237,machine_150
inst_50751,app_4039,machine_4363
inst_31693,app_1863,
inst_99571,app_6683,machine_2343
inst_42916,app_2903,machine_5823
inst_32610,app_2466,machine_5587
inst_15529,app_2487,machine_5172
inst_16217,app_2798,machine_3145
inst_8771,app_726,machine_5740
inst_6547,app_6483,machine_5294
inst_72212,app_6288,machine_4389
inst_35620,app_1029,machine_4085
inst_52979,app_7486,
inst_17927,app_5022,machine_3613
inst_7640,app_4221,machine_4030
inst_26984,app_6381,machine_2793
inst_61393,app_1391,machine_3113
inst_91393,app_1509,machine_3568
inst_81470,app_6911,machine_5868
inst_86323,app_1637,machine_4159
inst_42839,app_6047,machine_2732
inst_41898,app_2874,machine_1427
inst_72633,app_4595,machine_5709
inst_65788,app_1080,machine_5780
inst_21096,app_2089,machine_2831
inst_5673,app_6295,machine_5688
inst_3846,app_7443,machine_1442
inst_63435,app_5418,machine_1198
inst_40897,app_2955,machine_5348
inst_62179,app_2889,machine_4540
inst_79604,app_3238,machine_3346
inst_84749,app_2710,
inst_71376,app_8842,machine_5620
inst_52266,app_8969,
inst_96115,app_6176,machine_3265
inst_4696,app_2487,machine_1691
inst_40738,app_3634,machine_3371
inst_44604,app_5418,machine_4879
inst_55417,app_1483,machine_3333
inst_14315,app_2487,machine_5291
inst_63202,app_8324,machine_3661
inst_23179,app_7963,machine_3279
inst_63329,app_6381,
inst_61735,app_9328,machine_4947
inst_84542,app_2303,machine_896
inst_18914,app_7963,machine_3784
inst_81195,app_6605,machine_5962
inst_46006,app_9052,machine_5582
inst_80432,app_6377,
inst_38370,app_1322,machine_3924
inst_40710,app_2243,machine_3357
inst_47672,app_1884,machine_1493
inst_49663,app_147,machine_4760
inst_17635,app_3479,machine_3842
inst_96910,app_3286,machine_77
inst_37720,app_2767,machine_2696
inst_51593,app_1011,machine_4924
inst_86978,app_6911,machine_3127
inst_4624,app_3343,machine_3609
inst_16810,app_7889,machine_4464
inst_43044,app_2914,machine_4760
inst_68623,app_6062,machine_4517
inst_89211,app_147,machine_4619
inst_21884,app_4825,machine_3826
inst_33922,app_4349,machine_4563
inst_55509,app_958,machine_4315
inst_14218,app_5436,machine_5929
inst_82771,app_7935,machine_454
inst_73919,app_6402,
inst_69609,app_3923,machine_4063
inst_19983,app_4729,machine_3522
inst_29206,app_2850,machine_993
inst_2263,app_147,machine_3500
inst_88304,app_5548,machine_5736
inst_70846,app_1138,machine_3642
inst_26967,app_1509,machine_3892
inst_35454,app_7206,machine_5036
inst_99508,app_4824,machine_4688
inst_67573,app_3359,machine_5176
inst_63966,app_8994,machine_5181
inst_79532,app_8736,
inst_13298,app_9049,machine_3853
inst_33257,app_8476,machine_3673
inst_65104,app_688,machine_3746
inst_15469,app_3250,machine_3713
inst_74870,app_5905,machine_1515
inst_5502,app_3189,
inst_14396,app_4386,machine_4868
inst_64743,app_2481,machine_40
inst_49198,app_3846,machine_4687
inst_96901,app_8700,
inst_5952,app_2964,machine_4650
inst_28766,app_7881,machine_5422
inst_5674,app_118,machine_3633
inst_2178,app_1248,machine_4136
inst_56703,app_5310,machine_5847
inst_3287,app_442,machine_4659
inst_51764,app_4460,machine_4347
inst_1392,app_3183,machine_5576
inst_4060,app_3994,machine_4268
inst_57321,app_704,machine_3728
inst_10486,app_8816,machine_4271
inst_80403,app_726,machine_5298
inst_56219,app_5375,machine_1304
inst_92969,app_22,machine_5567
inst_8285,app_1310,machine_2626
inst_14381,app_3729,machine_149
inst_83749,app_5905,machine_3648
inst_85915,app_6446,machine_5276
inst_13614,app_7735,machine_3488
inst_70125,app_4619,machine_926
inst_77915,app_4608,machine_46
inst_50184,app_3373,machine_5570
inst_75697,app_6911,machine_4645
inst_63756,app_2486,machine_5969
inst_89841,app_961,machine_3835
inst_70907,app_6618,machine_3670
inst_31479,app_4575,machine_4896
inst_93365,app_1973,machine_3825
inst_68750,app_3199,machine_3080
inst_52147,app_1051,machine_5924
inst_36829,app_6154,machine_2360
inst_62618,app_8842,machine_4497
inst_85706,app_3372,machine_2692
inst_7778,app_9272,machine_4802
inst_86723,app_1318,machine_4617
inst_79171,app_4551,
inst_28362,app_7984,machine_5439
inst_73551,app_8669,machine_3038
inst_35340,app_4996,machine_4614
inst_43602,app_3864,machine_4671
inst_91406,app_3639,machine_5457
inst_21821,app_8111,machine_2246
inst_87281,app_8057,machine_3959
inst_28421,app_3595,machine_3753
inst_35204,app_6239,machine_4847
inst_33463,app_2815,machine_5113
inst_70023,app_4322,machine_2674
inst_17438,app_5054,machine_3165
inst_93083,app_9089,machine_5185
inst_68867,app_1443,machine_4892
inst_67037,app_1247,machine_1503
inst_8143,app_290,machine_3953
inst_97639,app_1195,machine_5321
inst_3318,app_8795,machine_3297
inst_14356,app_3511,machine_391
inst_20601,app_9120,machine_1849
inst_21986,app_5705,machine_3675
inst_60802,app_2910,machine_4173
inst_52172,app_3634,machine_5743
inst_93849,app_6907,machine_3642
inst_33069,app_3367,machine_5792
inst_87394,app_4236,
inst_64646,app_8673,
inst_94666,app_8138,
inst_6909,app_1509,
inst_82424,app_7783,machine_3952
inst_81303,app_6381,machine_4647
inst_88217,app_3654,machine_4522
inst_70853,app_6090,machine_4606
inst_91306,app_1579,machine_5082
inst_18290,app_1443,machine_5318
inst_88105,app_4289,machine_4762
inst_22416,app_3894,machine_4532
inst_8537,app_8281,machine_4337
inst_82612,app_2478,machine_3060
inst_39618,app_7067,machine_1403
inst_49120,app_1152,machine_5940
inst_81050,app_180,machine_3239
inst_12240,app_8365,machine_637
inst_46470,app_8500,machine_1385
inst_25179,app_4698,machine_849
inst_6913,app_2485,machine_4408
inst_31331,app_2263,machine_4491
inst_35380,app_4128,machine_474
inst_4484,app_7778,machine_4731
inst_37892,app_5418,machine_4122
inst_64821,app_5450,machine_3726
inst_88094,app_8434,machine_4105
inst_45482,app_646,machine_5825
inst_18524,app_2940,machine_3098
inst_18012,app_9278,machine_4983
inst_64057,app_6455,machine_4747
inst_55045,app_6085,machine_3634
inst_66894,app_6692,machine_4050
inst_43959,app_4825,machine_3052
inst_44866,app_7217,machine_1036
inst_3221,app_1153,machine_5033
inst_90343,app_7589,machine_4975
inst_19938,app_4170,machine_3578
inst_43461,app_3595,machine_5599
inst_65735,app_4882,machine_487
inst_25010,app_3220,machine_4646
inst_4065,app_4170,machine_3192
inst_58734,app_6235,machine_147
inst_10630,app_2029,machine_632
inst_99694,app_7250,machine_5513
inst_72699,app_798,
inst_35157,app_191,machine_1472
inst_34815,app_9095,machine_4486
inst_34114,app_5094,machine_1126
inst_4813,app_8481,machine_3812
inst_29963,app_5914,machine_2663
inst_3787,app_8017,machine_3522
inst_89589,app_7394,machine_1403
inst_22541,app_7963,machine_1198
inst_22842,app_2199,machine_123
inst_35720,app_4698,machine_3829
inst_84235,app_4372,machine_4222
inst_77424,app_2716,machine_5875
inst_8036,app_3070,machine_2745
inst_30805,app_9047,machine_1361
inst_6476,app_5812,machine_1439
inst_94111,app_4973,
inst_83680,app_6139,machine_5832
inst_69710,app_7778,machine_5104
inst_91582,app_3851,machine_435
inst_32104,app_1754,machine_5374
inst_73964,app_4161,machine_2317
inst_89854,app_3359,machine_5631
inst_84561,app_2964,machine_4750
inst_4186,app_8995,machine_5280
inst_35138,app_2657,machine_5070
inst_68852,app_2480,machine_5436
inst_21158,app_4699,machine_4570
inst_24356,app_6896,machine_5248
inst_66417,app_4039,machine_3499
inst_44964,app_8904,machine_4854
inst_47150,app_4260,machine_4844
inst_24032,app_4825,machine_5708
inst_1292,app_2486,machine_4054
inst_48743,app_4998,machine_3459
inst_5454,app_1884,machine_5590
inst_12693,app_7980,machine_4128
inst_30332,app_4683,machine_3592
inst_76720,app_6976,machine_5478
inst_78278,app_2220,machine_4448
inst_34613,app_3731,machine_4581
inst_70120,app_9052,
inst_26211,app_7539,machine_1950
inst_83864,app_1762,
inst_13510,app_3234,machine_4942
inst_41274,app_3709,machine_5217
inst_78645,app_3359,
inst_8058,app_5421,
inst_82344,app_7217,machine_5374
inst_42593,app_6768,
inst_15059,app_7613,machine_1971
inst_87038,app_3106,machine_3791
inst_56854,app_8643,machine_3170
inst_70432,app_1163,machine_3284
inst_87785,app_6381,machine_5870
inst_82984,app_2486,machine_3634
inst_75030,app_2345,
inst_54146,app_8725,machine_3395
inst_44134,app_8138,machine_4901
inst_91433,app_7447,machine_5791
inst_65827,app_7889,machine_3963
inst_9363,app_642,machine_4561
inst_29182,app_233,machine_5868
inst_14677,app_6334,machine_4061
inst_10631,app_473,
inst_75633,app_4998,machine_5353
inst_84906,app_8391,machine_3256
inst_97032,app_3886,machine_5929
inst_23231,app_1227,
inst_81779,app_2369,machine_4944
inst_70064,app_6255,machine_3400
inst_55481,app_3425,machine_4480
inst_34773,app_5313,
inst_18385,app_7624,machine_3017
inst_66142,app_5366,machine_3277
inst_40495,app_6405,machine_5520
inst_82919,app_635,machine_4491
inst_71286,app_5353,machine_5
inst_17166,app_6964,machine_1381
inst_16674,app_7889,machine_207
inst_59899,app_161,machine_2302
inst_99016,app_1024,
inst_96842,app_4754,machine_1615
inst_17145,app_9269,machine_4938
inst_4113,app_6218,machine_5345
inst_46993,app_3512,machine_5466
inst_58330,app_7487,machine_3713
inst_98035,app_2061,machine_1751
inst_931,app_6605,machine_3991
inst_48896,app_2964,machine_4147
inst_84155,app_7733,machine_5971
inst_35137,app_5189,machine_3157
inst_31633,app_8187,machine_3967
inst_46356,app_3864,machine_4092
inst_44798,app_3994,machine_4505
inst_81115,app_4190,machine_5926
inst_45656,app_4815,machine_256
inst_27425,app_8343,
inst_48978,app_1046,machine_5424
inst_58787,app_6936,machine_4064
inst_669,app_3580,machine_1231
inst_9831,app_1314,machine_4711
inst_47343,app_456,machine_3939
inst_54796,app_1328,machine_4191
inst_57388,app_1152,
inst_55705,app_1637,machine_4237
inst_9469,app_5226,machine_5299
inst_92534,app_2224,machine_5191
inst_14989,app_1066,machine_3832
inst_88274,app_774,machine_4127
inst_1943,app_726,machine_1990
inst_293,app_4448,machine_3861
inst_72854,app_7962,machine_3522
inst_49076,app_1599,machine_2793
inst_31147,app_3654,machine_2187
inst_32537,app_5864,machine_3134
inst_38741,app_4825,machine_2692
inst_85945,app_5394,machine_4056
inst_282,app_80,
inst_48227,app_6951,machine_3972
inst_35085,app_8649,machine_582
inst_67525,app_4698,machine_1810
inst_1679,app_1224,machine_4915
inst_36353,app_769,
inst_76412,app_5418,machine_4732
inst_12025,app_5847,machine_4998
inst_89476,app_9095,machine_4370
inst_17466,app_7733,machine_5131
inst_58820,app_1391,machine_5103
inst_79111,app_1443,machine_1403
inst_17121,app_1123,machine_4898
inst_76701,app_704,machine_3679
inst_39985,app_2886,machine_4582
inst_91270,app_2178,machine_72
inst_42202,app_7117,
inst_11427,app_6269,machine_20
inst_68124,app_2852,
inst_93563,app_7302,
inst_56835,app_1327,
inst_20457,app_2878,machine_4523
inst_73499,app_1884,machine_4749
inst_1602,app_4576,machine_4732
inst_76334,app_8331,
inst_80885,app_7889,machine_5508
inst_50563,app_3805,machine_4060
inst_90313,app_7333,machine_3573
inst_85409,app_9100,machine_874
inst_7783,app_1153,machine_3254
inst_55456,app_7064,machine_92
inst_38650,app_2798,
inst_22900,app_5810,machine_1513
inst_42147,app_513,machine_4684
inst_81049,app_8822,machine_4666
inst_4366,app_4154,machine_254
inst_35088,app_6510,machine_4949
inst_7147,app_4508,
inst_67050,app_435,machine_5186
inst_65828,app_453,machine_2926
inst_95638,app_6022,machine_5536
inst_88915,app_5004,
inst_44926,app_344,machine_4730
inst_10585,app_3327,machine_3305
inst_55802,app_675,machine_953
inst_26796,app_4085,machine_3134
inst_75844,app_4770,machine_5280
inst_89115,app_5394,machine_5732
inst_61355,app_3637,machine_3805
inst_81001,app_2112,machine_4217
inst_60380,app_4508,machine_4901
inst_45580,app_428,machine_3271
inst_84323,app_4698,machine_5499
inst_56111,app_3542,machine_208
inst_8499,app_2692,machine_1774
inst_44164,app_2033,machine_4037
inst_23631,app_1310,machine_1244
inst_74450,app_9145,
inst_67428,app_5418,machine_453
inst_42944,app_8732,machine_3603
inst_6316,app_1863,machine_4300
inst_958,app_2241,machine_4678
inst_17048,app_3087,machine_3832
inst_65780,app_5900,machine_4915
inst_60709,app_7309,machine_3753
inst_5085,app_4423,
inst_70038,app_3864,machine_3372
inst_18094,app_4209,machine_3736
inst_24246,app_60,machine_566
inst_56808,app_1952,machine_3563
inst_95039,app_8583,machine_3717
inst_54252,app_1318,machine_3239
inst_58413,app_4568,machine_4061
inst_27395,app_7102,machine_5501
inst_33755,app_8994,machine_5092
inst_99684,app_9145,machine_4489
inst_29623,app_4918,machine_1766
inst_42484,app_3994,
inst_63550,app_5772,machine_5430
inst_94158,app_5436,machine_4100
inst_11645,app_1067,machine_5557
inst_4585,app_7942,machine_4028
inst_79012,app_7001,machine_3669
inst_4956,app_3693,machine_5664
inst_45619,app_1048,machine_5500
inst_12763,app_782,machine_5624
inst_97098,app_4397,machine_5379
inst_68318,app_6613,machine_1648
inst_19832,app_7426,machine_4761
inst_8,app_7394,machine_733
inst_99778,app_5418,machine_4933
inst_50952,app_214,machine_3127
inst_30498,app_782,machine_4393
inst_71744,app_5220,machine_4165
inst_43954,app_4936,machine_4056
inst_91107,app_4364,machine_4025
inst_11162,app_2485,machine_4444
inst_70925,app_1840,machine_5469
inst_25256,app_5690,machine_4619
inst_86259,app_3327,machine_1071
inst_58789,app_7980,
inst_30252,app_3942,machine_3198
inst_43762,app_4327,
inst_99954,app_1115,machine_5533
inst_332,app_9303,machine_5552
inst_12208,app_5138,machine_4790
inst_56937,app_6726,
inst_46257,app_4459,machine_3536
inst_90259,app_2998,machine_4092
inst_14099,app_4996,machine_3032
inst_47346,app_9023,machine_2043
inst_37866,app_7928,machine_1119
inst_71541,app_2263,machine_4326
inst_64078,app_3220,machine_33
inst_18432,app_4058,machine_392
inst_66214,app_7067,machine_2041
inst_66034,app_2263,
inst_2114,app_1475,machine_3483
inst_64845,app_6171,machine_4472
inst_92324,app_9017,machine_4066
inst_45045,app_6447,machine_4173
inst_19686,app_3593,machine_3422
inst_76557,app_973,
inst_51164,app_1848,
inst_2947,app_147,machine_3648
inst_4381,app_3169,machine_2878
inst_20362,app_6557,machine_1846
inst_15567,app_1310,machine_5720
inst_89288,app_1405,machine_5834
inst_59235,app_4638,machine_2228
inst_45819,app_8463,machine_4656
inst_21731,app_4157,machine_948
inst_54336,app_2540,
inst_90086,app_6726,machine_1199
inst_68302,app_1310,machine_5942
inst_30783,app_626,machine_4698
inst_23665,app_3709,machine_4935
inst_42763,app_3530,machine_4715
inst_52726,app_2224,machine_4607
inst_467,app_7776,machine_3549
inst_56476,app_6726,machine_3560
inst_20716,app_7733,machine_1030
inst_79791,app_4891,machine_3628
inst_73586,app_7001,machine_3663
inst_87975,app_4193,machine_4362
inst_57218,app_1447,machine_4420
inst_6722,app_3633,machine_5751
inst_13672,app_92,machine_2931
inst_75379,app_3637,machine_5933
inst_29616,app_4498,machine_4643
inst_771,app_7680,machine_3032
inst_96959,app_92,
inst_9123,app_6844,machine_4510
inst_99040,app_782,machine_1177
inst_40233,app_3172,machine_4938
inst_80775,app_7599,machine_3456
inst_19297,app_4423,machine_4486
inst_99585,app_2700,machine_3016
inst_88683,app_5388,machine_2383
inst_60831,app_4423,machine_4153
inst_80364,app_1841,machine_2526
inst_84383,app_3831,machine_5097
inst_92238,app_2767,machine_4596
inst_44935,app_2902,machine_5082
inst_79971,app_3337,machine_4752
inst_52235,app_3414,
inst_30649,app_3118,machine_891
inst_1801,app_5271,
inst_34473,app_5705,machine_5951
inst_67638,app_2483,machine_4672
inst_40045,app_355,machine_2544
inst_6568,app_2692,machine_5696
inst_62855,app_2751,machine_922
inst_15719,app_3454,machine_4936
inst_96196,app_3821,machine_2500
inst_38102,app_4474,machine_5569
inst_88018,app_360,machine_633
inst_58534,app_1723,machine_4844
inst_54854,app_3721,machine_3171
inst_24602,app_3879,machine_5420
inst_55747,app_4864,machine_5223
inst_10867,app_6726,machine_3237
inst_95519,app_4576,machine_5529
inst_75252,app_1768,machine_5321
inst_98498,app_9297,machine_3664
inst_90708,app_6561,machine_3645
inst_7538,app_8976,machine_3252
inst_22458,app_5022,machine_5183
inst_60723,app_626,
inst_1300,app_2501,machine_1292
inst_92993,app_8850,machine_5759
inst_49094,app_2262,machine_5865
inst_78018,app_2263,machine_5506
inst_26956,app_6021,
inst_56305,app_3774,machine_3038
inst_57094,app_8138,machine_555
inst_19813,app_3032,machine_4668
inst_57665,app_6597,machine_3793
inst_17273,app_736,machine_5603
inst_36758,app_6683,machine_4284
inst_64344,app_147,machine_4930
inst_11610,app_3213,machine_3761
inst_65960,app_5418,machine_3505
inst_91795,app_7067,machine_2917
inst_12929,app_8403,machine_2532
inst_66781,app_1222,machine_4624
inst_87573,app_5887,machine_1727
inst_75164,app_5028,machine_3315
inst_90886,app_8524,machine_3092
inst_30986,app_3324,machine_5832
inst_60652,app_8767,machine_3751
inst_38231,app_1683,machine_1568
inst_54647,app_1998,
inst_67982,app_411,machine_1920
inst_12835,app_9165,machine_3271
inst_47230,app_8482,machine_4074
inst_65276,app_1222,machine_1065
inst_16678,app_2486,machine_1294
inst_33326,app_2129,machine_4856
inst_98789,app_3290,machine_3452
inst_48234,app_3750,machine_5457
inst_24374,app_5889,machine_5942
inst_36667,app_3108,machine_4814
inst_55993,app_1152,machine_2697
inst_50088,app_614,machine_4424
inst_70772,app_4825,machine_4509
